b'timestamp',b'steering angle'
1479425729886670711,0.013962633907794952
1479425729936695151,0.006981316953897476
1479425729986209048,-0.001745329238474369
1479425730035486425,-0.006981316953897476
1479425730085728836,-0.013962633907794952
1479425730135558231,-0.015707964077591896
1479425730186237420,-0.015707964077591896
1479425730235059136,-0.015707964077591896
1479425730284797673,-0.015707964077591896
1479425730334849873,-0.015707964077591896
1479425730384800858,-0.015707964077591896
1479425730434922379,-0.015707964077591896
1479425730484810602,-0.013962633907794952
1479425730534762125,-0.008726646192371845
1479425730584686338,-0.001745329238474369
1479425730634782503,0.005235987715423107
1479425730684776075,0.005235987715423107
1479425730734846635,0.003490658476948738
1479425730784786778,0.001745329238474369
1479425730834862266,0.001745329238474369
1479425730887374814,0.003490658476948738
1479425730936184466,0.003490658476948738
1479425730986444556,0.003490658476948738
1479425731036188222,0.003490658476948738
1479425731086188669,0.003490658476948738
1479425731136364166,0.001745329238474369
1479425731187061365,0.001745329238474369
1479425731236883534,0.001745329238474369
1479425731286261348,0.001745329238474369
1479425731336957087,0.001745329238474369
1479425731386366934,0.001745329238474369
1479425731436277602,0.001745329238474369
1479425731486381257,0.001745329238474369
1479425731536370623,0.001745329238474369
1479425731586210263,0.003490658476948738
1479425731636221225,0.003490658476948738
1479425731686276626,0.005235987715423107
1479425731736894928,0.008726646192371845
1479425731786421836,0.013962633907794952
1479425731836879630,0.03141592815518379
1479425731886288706,0.04188790172338486
1479425731936361657,0.057595863938331604
1479425731986299181,0.06457718461751938
1479425732036357090,0.06457718461751938
1479425732086985606,0.06283185631036758
1479425732136426424,0.06108652427792549
1479425732187158111,0.057595863938331604
1479425732236408117,0.05061454698443413
1479425732286464732,0.04886921867728233
1479425732336342415,0.04363323003053665
1479425732387246801,0.03839724510908127
1479425732436340588,0.03490658476948738
1479425732486415003,0.03141592815518379
1479425732536394646,0.01745329238474369
1479425732586586372,0.003490658476948738
1479425732636343273,-0.010471975430846214
1479425732686595288,-0.012217304669320583
1479425732736397179,-0.006981316953897476
1479425732786363813,0.0
1479425732836431145,0.005235987715423107
1479425732887057395,0.005235987715423107
1479425732936370530,0.005235987715423107
1479425732986492997,0.005235987715423107
1479425733036985851,0.005235987715423107
1479425733086970957,0.005235987715423107
1479425733136370139,0.005235987715423107
1479425733186370100,0.005235987715423107
1479425733236310263,0.005235987715423107
1479425733287012292,0.003490658476948738
1479425733336387769,0.003490658476948738
1479425733386520938,0.003490658476948738
1479425733436386296,0.005235987715423107
1479425733486448871,0.003490658476948738
1479425733537084195,0.005235987715423107
1479425733586566467,0.005235987715423107
1479425733636516801,0.005235987715423107
1479425733687384437,0.005235987715423107
1479425733736613108,0.005235987715423107
1479425733786413657,0.003490658476948738
1479425733836398645,0.001745329238474369
1479425733886772519,0.001745329238474369
1479425733937237924,0.001745329238474369
1479425733986781423,0.001745329238474369
1479425734036604048,0.001745329238474369
1479425734086550507,0.001745329238474369
1479425734136503883,0.001745329238474369
1479425734186684422,0.0
1479425734236982713,0.0
1479425734286680287,0.0
1479425734336625323,0.0
1479425734386641544,0.0
1479425734436669218,0.0
1479425734486701482,0.001745329238474369
1479425734537440502,0.001745329238474369
1479425734586619141,0.001745329238474369
1479425734636669706,0.001745329238474369
1479425734686544179,0.0
1479425734736739886,0.0
1479425734787306365,0.0
1479425734837229147,0.0
1479425734886709059,0.0
1479425734936665333,0.0
1479425734986663990,0.0
1479425735036564162,0.0
1479425735086568424,0.0
1479425735137391759,-0.001745329238474369
1479425735186629886,-0.005235987715423107
1479425735236689184,-0.019198622554540634
1479425735286792563,-0.02617993950843811
1479425735336696792,-0.027925267815589905
1479425735386817064,-0.02617993950843811
1479425735436618889,-0.022689281031489372
1479425735487600831,-0.019198622554540634
1479425735536791413,-0.015707964077591896
1479425735586860257,-0.015707964077591896
1479425735636827911,-0.015707964077591896
1479425735686662466,-0.015707964077591896
1479425735737447361,-0.015707964077591896
1479425735787020034,-0.015707964077591896
1479425735836762263,-0.013962633907794952
1479425735887533879,-0.013962633907794952
1479425735937668979,-0.013962633907794952
1479425735987634260,-0.013962633907794952
1479425736037252401,-0.012217304669320583
1479425736087085289,-0.012217304669320583
1479425736134340164,-0.010471975430846214
1479425736184977898,-0.006981316953897476
1479425736234922997,-0.005235987715423107
1479425736285068757,-0.003490658476948738
1479425736335011118,-0.003490658476948738
1479425736386556102,-0.003490658476948738
1479425736436487400,-0.003490658476948738
1479425736486922365,-0.001745329238474369
1479425736536501352,0.001745329238474369
1479425736586505585,0.001745329238474369
1479425736636532851,0.006981316953897476
1479425736686787408,0.008726646192371845
1479425736736484040,0.008726646192371845
1479425736786689382,0.010471975430846214
1479425736836761690,0.010471975430846214
1479425736886552960,0.010471975430846214
1479425736936842514,0.010471975430846214
1479425736986630775,0.012217304669320583
1479425737037266827,0.012217304669320583
1479425737086785776,0.010471975430846214
1479425737136787427,0.006981316953897476
1479425737186681649,0.001745329238474369
1479425737236752544,-0.003490658476948738
1479425737286979269,-0.010471975430846214
1479425737337382610,-0.01745329238474369
1479425737386712772,-0.02094395086169243
1479425737436646789,-0.02094395086169243
1479425737486914557,-0.02094395086169243
1479425737536890132,-0.02094395086169243
1479425737586705215,-0.022689281031489372
1479425737636813532,-0.022689281031489372
1479425737686794458,-0.022689281031489372
1479425737736797837,-0.022689281031489372
1479425737787552779,-0.015707964077591896
1479425737836971114,-0.008726646192371845
1479425737886745167,-0.006981316953897476
1479425737937044686,-0.008726646192371845
1479425737986901427,-0.008726646192371845
1479425738036871953,-0.008726646192371845
1479425738087194020,-0.010471975430846214
1479425738136821308,-0.010471975430846214
1479425738186882589,-0.013962633907794952
1479425738237043399,-0.015707964077591896
1479425738287098487,-0.019198622554540634
1479425738337007858,-0.02094395086169243
1479425738387074473,-0.024434609338641167
1479425738436766194,-0.02617993950843811
1479425738487082038,-0.03141592815518379
1479425738536765327,-0.03316125646233559
1479425738587085235,-0.03316125646233559
1479425738637492217,-0.03316125646233559
1479425738687604603,-0.03316125646233559
1479425738736932033,-0.03316125646233559
1479425738787460408,-0.03316125646233559
1479425738836930525,-0.03316125646233559
1479425738887908217,-0.03316125646233559
1479425738936960986,-0.03316125646233559
1479425738987299470,-0.03490658476948738
1479425739037622590,-0.04014257341623306
1479425739087003021,-0.04014257341623306
1479425739137115823,-0.04014257341623306
1479425739187005963,-0.04014257341623306
1479425739237619185,-0.04014257341623306
1479425739287170351,-0.045378562062978745
1479425739337002271,-0.0593411959707737
1479425739387101365,-0.08028514683246613
1479425739443708866,-0.09599310904741287
1479425739485661510,-0.10122909396886826
1479425739535769616,-0.10471975803375244
1479425739585755996,-0.10995574295520782
1479425739636400779,-0.1186823919415474
1479425739687306692,-0.13089969754219055
1479425739737378048,-0.13439035415649414
1479425739787397489,-0.13439035415649414
1479425739837319397,-0.13439035415649414
1479425739887386873,-0.13439035415649414
1479425739937333445,-0.13439035415649414
1479425739987416282,-0.13439035415649414
1479425740037325361,-0.13089969754219055
1479425740087308459,-0.12217304855585098
1479425740137489150,-0.11519172787666321
1479425740187696536,-0.11344639956951141
1479425740237332636,-0.11344639956951141
1479425740287972476,-0.1186823919415474
1479425740337326930,-0.12217304855585098
1479425740387515794,-0.12566371262073517
1479425740437609764,-0.12566371262073517
1479425740488303560,-0.12566371262073517
1479425740537502964,-0.12915436923503876
1479425740587690663,-0.1431169956922531
1479425740638205608,-0.15707963705062866
1479425740687693833,-0.19373154640197754
1479425740738253180,-0.22165681421756744
1479425740787443244,-0.2565633952617645
1479425740837502385,-0.2670353651046753
1479425740887603723,-0.2600540518760681
1479425740937565645,-0.25307273864746094
1479425740987519104,-0.24260076880455017
1479425741037992207,-0.24085544049739838
1479425741087737159,-0.23911011219024658
1479425741137634334,-0.23911011219024658
1479425741188348106,-0.23911011219024658
1479425741237604039,-0.23911011219024658
1479425741287649943,-0.24085544049739838
1479425741337440859,-0.24260076880455017
1479425741386713810,-0.24609142541885376
1479425741436565692,-0.24783675372600555
1479425741486877846,-0.25132742524147034
1479425741536738985,-0.2548180818557739
1479425741586817053,-0.2635447084903717
1479425741636737144,-0.2705260217189789
1479425741686726559,-0.2844886779785156
1479425741736778601,-0.2914699912071228
1479425741787561210,-0.30368730425834656
1479425741836847108,-0.31241393089294434
1479425741886881550,-0.3159045875072479
1479425741936777401,-0.3141592741012573
1479425741986806442,-0.30892327427864075
1479425742036891376,-0.30892327427864075
1479425742087165326,-0.30892327427864075
1479425742136975777,-0.31066861748695374
1479425742186883125,-0.31241393089294434
1479425742236880187,-0.31241393089294434
1479425742287520432,-0.31241393089294434
1479425742336863139,-0.3141592741012573
1479425742386813752,-0.3141592741012573
1479425742436801111,-0.3141592741012573
1479425742486930613,-0.31241393089294434
1479425742536775333,-0.31241393089294434
1479425742586878337,-0.31241393089294434
1479425742636866934,-0.31241393089294434
1479425742687028362,-0.31241393089294434
1479425742737033521,-0.31241393089294434
1479425742786957324,-0.31241393089294434
1479425742836942214,-0.31241393089294434
1479425742886904241,-0.31241393089294434
1479425742937107599,-0.31241393089294434
1479425742986994463,-0.31241393089294434
1479425743036940901,-0.31241393089294434
1479425743086989016,-0.31241393089294434
1479425743137115796,-0.31241393089294434
1479425743186840823,-0.31066861748695374
1479425743236963869,-0.31066861748695374
1479425743286996327,-0.31241393089294434
1479425743336938825,-0.31241393089294434
1479425743387178519,-0.31066861748695374
1479425743437056888,-0.30717796087265015
1479425743487462245,-0.296705961227417
1479425743537073291,-0.2914699912071228
1479425743587672748,-0.2879793345928192
1479425743637013243,-0.2897246479988098
1479425743686971016,-0.2932153046131134
1479425743737176833,-0.29845130443573
1479425743786979387,-0.30194196105003357
1479425743837063177,-0.30892327427864075
1479425743887002367,-0.31066861748695374
1479425743937015866,-0.31241393089294434
1479425743987011674,-0.31241393089294434
1479425744037161857,-0.3141592741012573
1479425744087101503,-0.3159045875072479
1479425744137095949,-0.3159045875072479
1479425744187848443,-0.3159045875072479
1479425744237821973,-0.3159045875072479
1479425744287135243,-0.3176499307155609
1479425744337217520,-0.3159045875072479
1479425744387141074,-0.3159045875072479
1479425744437101839,-0.3159045875072479
1479425744487932520,-0.3159045875072479
1479425744537242535,-0.3211405873298645
1479425744587263614,-0.3263765573501587
1479425744637288123,-0.33161255717277527
1479425744687390726,-0.33161255717277527
1479425744737359314,-0.33161255717277527
1479425744787931529,-0.3281219005584717
1479425744837220174,-0.31241393089294434
1479425744887256907,-0.2932153046131134
1479425744937319625,-0.2617993950843811
1479425744987994703,-0.24783675372600555
1479425745037388391,-0.24434609711170197
1479425745087380993,-0.24783675372600555
1479425745137258384,-0.2583087384700775
1479425745187541007,-0.2617993950843811
1479425745238034854,-0.2617993950843811
1479425745287333818,-0.2565633952617645
1479425745337618202,-0.24783675372600555
1479425745387447856,-0.24260076880455017
1479425745437279950,-0.24085544049739838
1479425745487564058,-0.24085544049739838
1479425745537486120,-0.24260076880455017
1479425745588238095,-0.24609142541885376
1479425745638176131,-0.24958208203315735
1479425745687546819,-0.25307273864746094
1479425745737456568,-0.2600540518760681
1479425745788044446,-0.2652900516986847
1479425745837559172,-0.2844886779785156
1479425745887477521,-0.30194196105003357
1479425745937532481,-0.33161255717277527
1479425745987500888,-0.343829870223999
1479425746037442099,-0.3455751836299896
1479425746087571154,-0.34033921360969543
1479425746137479946,-0.3281219005584717
1479425746187515884,-0.3228859007358551
1479425746237461566,-0.3193952441215515
1479425746287558877,-0.3193952441215515
1479425746337515652,-0.3193952441215515
1479425746387498847,-0.3193952441215515
1479425746437397613,-0.3159045875072479
1479425746487449760,-0.3141592741012573
1479425746537554955,-0.31241393089294434
1479425746587580765,-0.31241393089294434
1479425746638267798,-0.31241393089294434
1479425746687546251,-0.31066861748695374
1479425746737509734,-0.31066861748695374
1479425746787493398,-0.30717796087265015
1479425746838161337,-0.29845130443573
1479425746887589972,-0.2914699912071228
1479425746938183275,-0.28274333477020264
1479425746987528957,-0.27925267815589905
1479425747037539089,-0.27750736474990845
1479425747087580995,-0.27750736474990845
1479425747137986889,-0.27750736474990845
1479425747188263787,-0.27750736474990845
1479425747238210465,-0.27576202154159546
1479425747288252126,-0.27401667833328247
1479425747338138158,-0.27576202154159546
1479425747388338980,-0.27750736474990845
1479425747438375016,-0.27925267815589905
1479425747488293003,-0.28274333477020264
1479425747538406766,-0.28274333477020264
1479425747588484336,-0.28274333477020264
1479425747638288919,-0.2844886779785156
1479425747688446541,-0.2844886779785156
1479425747738408943,-0.2844886779785156
1479425747788284872,-0.2844886779785156
1479425747838627496,-0.2844886779785156
1479425747889109012,-0.2844886779785156
1479425747938406111,-0.2844886779785156
1479425747988396554,-0.28274333477020264
1479425748038374427,-0.28099802136421204
1479425748088462309,-0.28099802136421204
1479425748138446154,-0.28099802136421204
1479425748188363457,-0.28099802136421204
1479425748238476024,-0.27925267815589905
1479425748288586815,-0.27925267815589905
1479425748338991872,-0.27576202154159546
1479425748388420278,-0.27576202154159546
1479425748438987908,-0.27401667833328247
1479425748489236544,-0.27227136492729187
1479425748538440054,-0.2670353651046753
1479425748588280236,-0.2600540518760681
1479425748638704409,-0.24783675372600555
1479425748688363846,-0.24085544049739838
1479425748739020176,-0.22689279913902283
1479425748789144593,-0.21293017268180847
1479425748838382503,-0.19024088978767395
1479425748888450745,-0.1727875918149948
1479425748938903668,-0.1466076523065567
1479425748988171906,-0.13264502584934235
1479425749038292453,-0.1186823919415474
1479425749088995614,-0.11344639956951141
1479425749138251965,-0.11344639956951141
1479425749189024427,-0.116937056183815
1479425749238316509,-0.12391837686300278
1479425749288318987,-0.12566371262073517
1479425749338395272,-0.12566371262073517
1479425749388431130,-0.12217304855585098
1479425749438417437,-0.11344639956951141
1479425749488323701,-0.10122909396886826
1479425749538288845,-0.08028514683246613
1479425749588411641,-0.06283185631036758
1479425749638433018,-0.04014257341623306
1479425749689201141,-0.027925267815589905
1479425749738566518,-0.02094395086169243
1479425749788448764,-0.02094395086169243
1479425749838442346,-0.02094395086169243
1479425749888520494,-0.02094395086169243
1479425749939226162,-0.02094395086169243
1479425749988455994,-0.019198622554540634
1479425750038387205,-0.019198622554540634
1479425750088464301,-0.019198622554540634
1479425750138750116,-0.019198622554540634
1479425750188679709,-0.01745329238474369
1479425750238479451,-0.015707964077591896
1479425750288616528,-0.010471975430846214
1479425750338599262,-0.008726646192371845
1479425750388559165,-0.003490658476948738
1479425750438645992,0.0
1479425750488710812,0.001745329238474369
1479425750538697579,0.001745329238474369
1479425750588540773,0.006981316953897476
1479425750638540961,0.008726646192371845
1479425750688771308,0.01745329238474369
1479425750738622650,0.02617993950843811
1479425750789291236,0.04014257341623306
1479425750838648619,0.04886921867728233
1479425750889318126,0.06108652427792549
1479425750939392556,0.06457718461751938
1479425750989462084,0.06632251292467117
1479425751038899607,0.06806784123182297
1479425751088998153,0.07504915446043015
1479425751138728641,0.07504915446043015
1479425751189424429,0.07679449021816254
1479425751238741263,0.07679449021816254
1479425751288597254,0.07679449021816254
1479425751338707022,0.07679449021816254
1479425751389089647,0.07679449021816254
1479425751438768321,0.07853981852531433
1479425751488755259,0.07853981852531433
1479425751538818525,0.07853981852531433
1479425751588977313,0.07679449021816254
1479425751639488376,0.07504915446043015
1479425751688960791,0.06283185631036758
1479425751738856475,0.05061454698443413
1479425751788875384,0.03141592815518379
1479425751838861790,0.019198622554540634
1479425751888915144,0.013962633907794952
1479425751939023221,0.012217304669320583
1479425751989040090,0.005235987715423107
1479425752038963584,0.001745329238474369
1479425752089044603,-0.001745329238474369
1479425752139653440,-0.005235987715423107
1479425752189060569,-0.006981316953897476
1479425752239016511,-0.006981316953897476
1479425752289613083,-0.006981316953897476
1479425752339015351,-0.008726646192371845
1479425752389770665,-0.01745329238474369
1479425752438934025,-0.022689281031489372
1479425752489203115,-0.03316125646233559
1479425752539169708,-0.03316125646233559
1479425752589017979,-0.03316125646233559
1479425752638943705,-0.02967059798538685
1479425752689155004,-0.022689281031489372
1479425752739231492,-0.02094395086169243
1479425752789179308,-0.019198622554540634
1479425752839177187,-0.019198622554540634
1479425752889311063,-0.01745329238474369
1479425752939103360,-0.015707964077591896
1479425752989085959,-0.010471975430846214
1479425753039117562,-0.003490658476948738
1479425753089314083,0.003490658476948738
1479425753139315311,0.008726646192371845
1479425753189263278,0.010471975430846214
1479425753239698357,0.010471975430846214
1479425753289107031,0.006981316953897476
1479425753339384392,0.003490658476948738
1479425753389838453,0.001745329238474369
1479425753439141873,0.001745329238474369
1479425753489220667,0.001745329238474369
1479425753539730279,0.001745329238474369
1479425753589317701,-0.001745329238474369
1479425753639679557,-0.003490658476948738
1479425753689433298,-0.005235987715423107
1479425753739343643,-0.005235987715423107
1479425753789407242,-0.005235987715423107
1479425753839276684,-0.003490658476948738
1479425753889035930,-0.003490658476948738
1479425753938671597,-0.003490658476948738
1479425753988808222,-0.003490658476948738
1479425754038739053,-0.003490658476948738
1479425754088820225,-0.003490658476948738
1479425754138842438,-0.003490658476948738
1479425754188804451,-0.003490658476948738
1479425754238727943,-0.001745329238474369
1479425754288875399,0.001745329238474369
1479425754338790645,0.001745329238474369
1479425754388758976,0.001745329238474369
1479425754438766050,0.001745329238474369
1479425754487288617,0.001745329238474369
1479425754538099301,0.001745329238474369
1479425754588767453,0.001745329238474369
1479425754639279569,0.003490658476948738
1479425754689207890,0.005235987715423107
1479425754738697283,0.006981316953897476
1479425754787544729,0.013962633907794952
1479425754838435271,0.015707964077591896
1479425754889422312,0.019198622554540634
1479425754939329633,0.019198622554540634
1479425754989269612,0.015707964077591896
1479425755039274485,0.015707964077591896
1479425755089441857,0.015707964077591896
1479425755139417829,0.015707964077591896
1479425755189415260,0.015707964077591896
1479425755239367021,0.013962633907794952
1479425755289610637,0.013962633907794952
1479425755339410738,0.013962633907794952
1479425755390017244,0.008726646192371845
1479425755439463475,0.008726646192371845
1479425755489458613,0.008726646192371845
1479425755539388267,0.008726646192371845
1479425755589422373,0.006981316953897476
1479425755639416750,0.006981316953897476
1479425755689599254,0.005235987715423107
1479425755739516065,0.005235987715423107
1479425755789910986,0.001745329238474369
1479425755839583424,0.001745329238474369
1479425755889752056,-0.001745329238474369
1479425755939539214,-0.003490658476948738
1479425755989796632,-0.005235987715423107
1479425756040138604,-0.005235987715423107
1479425756089773077,-0.005235987715423107
1479425756139547123,-0.005235987715423107
1479425756189697430,-0.005235987715423107
1479425756240078014,-0.005235987715423107
1479425756289776117,-0.005235987715423107
1479425756339550089,-0.005235987715423107
1479425756389668861,-0.005235987715423107
1479425756439592368,-0.005235987715423107
1479425756489647791,-0.005235987715423107
1479425756539555719,-0.005235987715423107
1479425756589790254,-0.006981316953897476
1479425756639982567,-0.008726646192371845
1479425756689710153,-0.008726646192371845
1479425756739685113,-0.008726646192371845
1479425756789886180,-0.008726646192371845
1479425756839999809,-0.008726646192371845
1479425756890288260,-0.005235987715423107
1479425756939825039,-0.005235987715423107
1479425756989897329,-0.003490658476948738
1479425757039806611,-0.003490658476948738
1479425757089854470,-0.003490658476948738
1479425757139834969,0.0
1479425757190228990,0.0
1479425757239878068,0.0
1479425757290346732,0.0
1479425757340170829,0.0
1479425757390286621,0.0
1479425757439876763,-0.001745329238474369
1479425757489898723,-0.005235987715423107
1479425757539690271,-0.015707964077591896
1479425757589843455,-0.019198622554540634
1479425757640460926,-0.022689281031489372
1479425757689955480,-0.022689281031489372
1479425757740016214,-0.022689281031489372
1479425757790131146,-0.022689281031489372
1479425757840112622,-0.022689281031489372
1479425757890072998,-0.022689281031489372
1479425757939926363,-0.022689281031489372
1479425757989919148,-0.022689281031489372
1479425758039984235,-0.024434609338641167
1479425758090593174,-0.027925267815589905
1479425758139925449,-0.03316125646233559
1479425758189917547,-0.036651913076639175
1479425758240039511,-0.05235987901687622
1479425758290061684,-0.057595863938331604
1479425758339985718,-0.0593411959707737
1479425758390140009,-0.0593411959707737
1479425758440101232,-0.05585053563117981
1479425758490077655,-0.05235987901687622
1479425758540238074,-0.05061454698443413
1479425758590077370,-0.04886921867728233
1479425758640131401,-0.04886921867728233
1479425758690144834,-0.04886921867728233
1479425758740218456,-0.04886921867728233
1479425758790087124,-0.04886921867728233
1479425758840194375,-0.04712389037013054
1479425758890237122,-0.045378562062978745
1479425758940085122,-0.04188790172338486
1479425758990261480,-0.04188790172338486
1479425759040247709,-0.04188790172338486
1479425759090166488,-0.04188790172338486
1479425759140364276,-0.04886921867728233
1479425759190284417,-0.05235987901687622
1479425759240253028,-0.0593411959707737
1479425759290194593,-0.06283185631036758
1479425759340144892,-0.06283185631036758
1479425759390167064,-0.06283185631036758
1479425759440275014,-0.06283185631036758
1479425759490245012,-0.06283185631036758
1479425759540829631,-0.06283185631036758
1479425759590330475,-0.06283185631036758
1479425759640772817,-0.06108652427792549
1479425759690336241,-0.06108652427792549
1479425759740249635,-0.0593411959707737
1479425759790691461,-0.057595863938331604
1479425759840371218,-0.04886921867728233
1479425759890407088,-0.03316125646233559
1479425759940230831,-0.001745329238474369
1479425759990312403,0.013962633907794952
1479425760040350466,0.01745329238474369
1479425760090348738,0.013962633907794952
1479425760140407828,0.001745329238474369
1479425760190440805,-0.006981316953897476
1479425760240411873,-0.01745329238474369
1479425760290980107,-0.019198622554540634
1479425760340545842,-0.019198622554540634
1479425760390432179,-0.019198622554540634
1479425760440594431,-0.019198622554540634
1479425760490331157,-0.019198622554540634
1479425760540365797,-0.019198622554540634
1479425760590468010,-0.019198622554540634
1479425760640518967,-0.019198622554540634
1479425760690417386,-0.019198622554540634
1479425760740566206,-0.024434609338641167
1479425760790525246,-0.02967059798538685
1479425760840389075,-0.04014257341623306
1479425760890552648,-0.045378562062978745
1479425760940574273,-0.045378562062978745
1479425760990618812,-0.045378562062978745
1479425761040574921,-0.045378562062978745
1479425761090637111,-0.045378562062978745
1479425761140661138,-0.045378562062978745
1479425761190753228,-0.045378562062978745
1479425761240682480,-0.045378562062978745
1479425761290569122,-0.04363323003053665
1479425761338511646,-0.04363323003053665
1479425761388577510,-0.04188790172338486
1479425761438601398,-0.04014257341623306
1479425761490282732,-0.036651913076639175
1479425761541598000,-0.03141592815518379
1479425761591547948,-0.027925267815589905
1479425761639145375,-0.027925267815589905
1479425761688618109,-0.027925267815589905
1479425761739149720,-0.027925267815589905
1479425761790310196,-0.027925267815589905
1479425761850297566,-0.027925267815589905
1479425761889921560,-0.027925267815589905
1479425761940024264,-0.027925267815589905
1479425761990065123,-0.027925267815589905
1479425762040034379,-0.027925267815589905
1479425762097685829,-0.027925267815589905
1479425762141880510,-0.027925267815589905
1479425762191952420,-0.02617993950843811
1479425762241886734,-0.02617993950843811
1479425762291891117,-0.02617993950843811
1479425762342405556,-0.022689281031489372
1479425762391852166,-0.022689281031489372
1479425762442034825,-0.02094395086169243
1479425762492124069,-0.01745329238474369
1479425762542208041,-0.013962633907794952
1479425762591993723,-0.010471975430846214
1479425762642972982,-0.006981316953897476
1479425762692085939,-0.006981316953897476
1479425762742044140,-0.008726646192371845
1479425762792088982,-0.008726646192371845
1479425762842211808,-0.010471975430846214
1479425762892040888,-0.010471975430846214
1479425762942279995,-0.010471975430846214
1479425762992852957,-0.012217304669320583
1479425763042258393,-0.013962633907794952
1479425763091950596,-0.015707964077591896
1479425763142163749,-0.02094395086169243
1479425763192139901,-0.02094395086169243
1479425763242028309,-0.02094395086169243
1479425763293019422,-0.02094395086169243
1479425763342079146,-0.02094395086169243
1479425763392060403,-0.022689281031489372
1479425763442246494,-0.022689281031489372
1479425763492099902,-0.022689281031489372
1479425763542551728,-0.022689281031489372
1479425763592152222,-0.02094395086169243
1479425763643193501,-0.02094395086169243
1479425763690362861,-0.02094395086169243
1479425763740302780,-0.019198622554540634
1479425763798888002,-0.015707964077591896
1479425763844510967,-0.013962633907794952
1479425763894146847,-0.013962633907794952
1479425763944580502,-0.012217304669320583
1479425763995633210,-0.012217304669320583
1479425764044506559,-0.012217304669320583
1479425764093953050,-0.012217304669320583
1479425764144326174,-0.012217304669320583
1479425764194280997,-0.013962633907794952
1479425764244605944,-0.019198622554540634
1479425764293970421,-0.024434609338641167
1479425764345509524,-0.027925267815589905
1479425764393991478,-0.027925267815589905
1479425764445665324,-0.027925267815589905
1479425764494150736,-0.027925267815589905
1479425764544128616,-0.027925267815589905
1479425764595543217,-0.027925267815589905
1479425764644026546,-0.027925267815589905
1479425764693956547,-0.027925267815589905
1479425764744622241,-0.03141592815518379
1479425764794413748,-0.03316125646233559
1479425764844404327,-0.03490658476948738
1479425764894271793,-0.03490658476948738
1479425764944421978,-0.03490658476948738
1479425764994448901,-0.03490658476948738
1479425765044161290,-0.036651913076639175
1479425765094050286,-0.036651913076639175
1479425765144305841,-0.036651913076639175
1479425765194285615,-0.036651913076639175
1479425765244306691,-0.04014257341623306
1479425765294110465,-0.04188790172338486
1479425765344345168,-0.045378562062978745
1479425765394113000,-0.045378562062978745
1479425765444510225,-0.045378562062978745
1479425765494228120,-0.045378562062978745
1479425765544453203,-0.045378562062978745
1479425765594197486,-0.04014257341623306
1479425765644563901,-0.03490658476948738
1479425765694375591,-0.027925267815589905
1479425765744459917,-0.027925267815589905
1479425765794676646,-0.02967059798538685
1479425765844330262,-0.03490658476948738
1479425765896130065,-0.036651913076639175
1479425765945995235,-0.04188790172338486
1479425765994677697,-0.045378562062978745
1479425766044517349,-0.04886921867728233
1479425766094700419,-0.05061454698443413
1479425766144614802,-0.05061454698443413
1479425766194310131,-0.05061454698443413
1479425766244594444,-0.05061454698443413
1479425766294476848,-0.05061454698443413
1479425766344811741,-0.05061454698443413
1479425766394555600,-0.05061454698443413
1479425766445106726,-0.05061454698443413
1479425766494706246,-0.05061454698443413
1479425766545288318,-0.05061454698443413
1479425766594464591,-0.05235987901687622
1479425766644983337,-0.05235987901687622
1479425766696240658,-0.05235987901687622
1479425766744842292,-0.05235987901687622
1479425766795014479,-0.05235987901687622
1479425766847191163,-0.05235987901687622
1479425766894640886,-0.05061454698443413
1479425766944943520,-0.05061454698443413
1479425766994622098,-0.05061454698443413
1479425767044855655,-0.04712389037013054
1479425767094584987,-0.04188790172338486
1479425767145277470,-0.04014257341623306
1479425767194666980,-0.04014257341623306
1479425767244775487,-0.04014257341623306
1479425767294964123,-0.03839724510908127
1479425767344771635,-0.03316125646233559
1479425767394769240,-0.013962633907794952
1479425767444942583,0.0
1479425767494851339,0.019198622554540634
1479425767544827609,0.024434609338641167
1479425767594991358,0.02094395086169243
1479425767644593910,0.015707964077591896
1479425767695103639,0.001745329238474369
1479425767746413590,-0.003490658476948738
1479425767796791486,-0.012217304669320583
1479425767845300673,-0.015707964077591896
1479425767895314235,-0.015707964077591896
1479425767946400297,-0.013962633907794952
1479425767995064594,-0.005235987715423107
1479425768046298289,-0.005235987715423107
1479425768096583285,-0.005235987715423107
1479425768145167119,-0.005235987715423107
1479425768194775698,-0.005235987715423107
1479425768244765733,-0.005235987715423107
1479425768294967659,-0.005235987715423107
1479425768344960461,-0.005235987715423107
1479425768395176216,-0.005235987715423107
1479425768445261781,-0.005235987715423107
1479425768495321574,-0.003490658476948738
1479425768544970781,-0.003490658476948738
1479425768595524006,-0.003490658476948738
1479425768645229240,-0.003490658476948738
1479425768696781093,-0.003490658476948738
1479425768746941710,-0.003490658476948738
1479425768795104120,-0.003490658476948738
1479425768845310844,-0.001745329238474369
1479425768895313215,0.0
1479425768945283387,0.0
1479425768995186253,0.0
1479425769045054536,0.0
1479425769095114897,0.001745329238474369
1479425769145148361,0.001745329238474369
1479425769195206803,0.001745329238474369
1479425769245008870,0.001745329238474369
1479425769295165663,0.001745329238474369
1479425769345343465,0.001745329238474369
1479425769394996170,0.001745329238474369
1479425769445355923,0.001745329238474369
1479425769495315521,0.001745329238474369
1479425769545231459,0.001745329238474369
1479425769595099611,0.001745329238474369
1479425769645161097,0.001745329238474369
1479425769696831858,0.001745329238474369
1479425769745321519,0.001745329238474369
1479425769796831289,0.001745329238474369
1479425769845139211,0.001745329238474369
1479425769895343717,0.001745329238474369
1479425769945294281,0.001745329238474369
1479425769995326155,0.001745329238474369
1479425770045118961,0.001745329238474369
1479425770096993701,0.003490658476948738
1479425770145410708,0.005235987715423107
1479425770195278156,0.005235987715423107
1479425770245091924,0.005235987715423107
1479425770295578816,0.003490658476948738
1479425770345526111,0.001745329238474369
1479425770395414816,0.001745329238474369
1479425770445044211,0.001745329238474369
1479425770495252133,0.001745329238474369
1479425770545152034,0.001745329238474369
1479425770595304260,0.001745329238474369
1479425770646973685,0.001745329238474369
1479425770695370428,0.005235987715423107
1479425770745500405,0.019198622554540634
1479425770796504958,0.0593411959707737
1479425770847070701,0.07330382615327835
1479425770895543219,0.06806784123182297
1479425770945448327,0.05585053563117981
1479425770995420835,0.03316125646233559
1479425771045468481,0.015707964077591896
1479425771097216290,-0.006981316953897476
1479425771145457218,-0.02094395086169243
1479425771197394049,-0.036651913076639175
1479425771245553412,-0.045378562062978745
1479425771295955812,-0.04712389037013054
1479425771345357332,-0.04712389037013054
1479425771395500918,-0.04014257341623306
1479425771445898730,-0.036651913076639175
1479425771495703096,-0.04014257341623306
1479425771545290696,-0.04363323003053665
1479425771595521782,-0.05585053563117981
1479425771645559419,-0.06283185631036758
1479425771695330759,-0.06283185631036758
1479425771745432284,-0.06283185631036758
1479425771795444160,-0.06283185631036758
1479425771845447362,-0.0593411959707737
1479425771895500319,-0.0593411959707737
1479425771946127312,-0.0593411959707737
1479425771995717221,-0.06283185631036758
1479425772045862294,-0.06457718461751938
1479425772095607354,-0.06632251292467117
1479425772145982191,-0.07330382615327835
1479425772195619679,-0.07504915446043015
1479425772245811658,-0.07504915446043015
1479425772295581524,-0.07679449021816254
1479425772345854358,-0.07679449021816254
1479425772396079223,-0.07679449021816254
1479425772446246095,-0.07853981852531433
1479425772495828311,-0.07679449021816254
1479425772546230959,-0.07679449021816254
1479425772597436514,-0.07679449021816254
1479425772646307932,-0.07679449021816254
1479425772697361750,-0.08377580344676971
1479425772746039499,-0.09599310904741287
1479425772795942150,-0.11170107126235962
1479425772846581616,-0.13089969754219055
1479425772898609004,-0.15882496535778046
1479425772946337537,-0.16929693520069122
1479425772995997425,-0.1727875918149948
1479425773046296997,-0.1762782484292984
1479425773097224302,-0.18151424825191498
1479425773146055898,-0.18675023317337036
1479425773195798044,-0.19198621809482574
1479425773245633952,-0.19373154640197754
1479425773295452685,-0.19722220301628113
1479425773345818087,-0.2024581879377365
1479425773397660380,-0.2059488445520401
1479425773445940403,-0.21816615760326385
1479425773497706316,-0.22514747083187103
1479425773545755020,-0.2321287840604782
1479425773597690864,-0.23038345575332642
1479425773645930056,-0.21467550098896027
1479425773698880704,-0.19024088978767395
1479425773745950736,-0.17976891994476318
1479425773795756096,-0.1762782484292984
1479425773845948376,-0.1762782484292984
1479425773895645791,-0.1780235767364502
1479425773945828965,-0.18325957655906677
1479425773996318787,-0.18500490486621857
1479425774045739582,-0.1780235767364502
1479425774097578475,-0.16057029366493225
1479425774145606001,-0.12391837686300278
1479425774198709141,-0.10821041464805603
1479425774246027843,-0.10471975803375244
1479425774296201974,-0.11344639956951141
1479425774346007113,-0.13264502584934235
1479425774395777895,-0.1466076523065567
1479425774446006042,-0.15533430874347687
1479425774496088002,-0.15707963705062866
1479425774546226305,-0.15533430874347687
1479425774595825689,-0.15358898043632507
1479425774646168970,-0.1483529806137085
1479425774695678857,-0.1448623239994049
1479425774747625793,-0.14137166738510132
1479425774796069296,-0.14137166738510132
1479425774847704387,-0.14137166738510132
1479425774897576361,-0.13962633907794952
1479425774946096715,-0.13962633907794952
1479425774995910493,-0.13962633907794952
1479425775046164257,-0.13962633907794952
1479425775097831157,-0.13788101077079773
1479425775147714535,-0.13613568246364594
1479425775197787890,-0.13264502584934235
1479425775246172029,-0.12566371262073517
1479425775296434114,-0.116937056183815
1479425775346168810,-0.10821041464805603
1479425775397688889,-0.10297442227602005
1479425775445926490,-0.10471975803375244
1479425775495730410,-0.10471975803375244
1479425775547845369,-0.10297442227602005
1479425775595982490,-0.10646508634090424
1479425775645961727,-0.10821041464805603
1479425775695939982,-0.10821041464805603
1479425775746291027,-0.10821041464805603
1479425775795992082,-0.10821041464805603
1479425775846325169,-0.10646508634090424
1479425775896045919,-0.10471975803375244
1479425775946560736,-0.10471975803375244
1479425775996065516,-0.10471975803375244
1479425776048848530,-0.10471975803375244
1479425776096219348,-0.10471975803375244
1479425776146319534,-0.10995574295520782
1479425776197230429,-0.11170107126235962
1479425776248003603,-0.11344639956951141
1479425776296748175,-0.11344639956951141
1479425776346641753,-0.11519172787666321
1479425776396884255,-0.11519172787666321
1479425776446400448,-0.1186823919415474
1479425776496478398,-0.11519172787666321
1479425776546279288,-0.11344639956951141
1479425776595949863,-0.10995574295520782
1479425776646903074,-0.10646508634090424
1479425776696056722,-0.10471975803375244
1479425776746194895,-0.10471975803375244
1479425776796322390,-0.10471975803375244
1479425776846323349,-0.10471975803375244
1479425776898293323,-0.10297442227602005
1479425776946311617,-0.09948376566171646
1479425776996568769,-0.09773843735456467
1479425777046212198,-0.09599310904741287
1479425777096426162,-0.09599310904741287
1479425777146168174,-0.09599310904741287
1479425777196918464,-0.09599310904741287
1479425777246711289,-0.09599310904741287
1479425777296928173,-0.09424778074026108
1479425777346290475,-0.09075712412595749
1479425777396309499,-0.08377580344676971
1479425777446320349,-0.07679449021816254
1479425777496264409,-0.07330382615327835
1479425777546361010,-0.06806784123182297
1479425777596279379,-0.06457718461751938
1479425777648415632,-0.05585053563117981
1479425777696302015,-0.05235987901687622
1479425777746395242,-0.04712389037013054
1479425777796204678,-0.04363323003053665
1479425777846456959,-0.03839724510908127
1479425777896461720,-0.03490658476948738
1479425777948581365,-0.03141592815518379
1479425777996531591,-0.02967059798538685
1479425778046566543,-0.027925267815589905
1479425778098245973,-0.024434609338641167
1479425778146382053,-0.024434609338641167
1479425778196449397,-0.024434609338641167
1479425778246805988,-0.022689281031489372
1479425778296416717,-0.022689281031489372
1479425778346560205,-0.022689281031489372
1479425778396591404,-0.022689281031489372
1479425778446566212,-0.02094395086169243
1479425778496673825,-0.019198622554540634
1479425778546391199,-0.015707964077591896
1479425778596513918,-0.006981316953897476
1479425778646535210,0.0
1479425778696605350,0.005235987715423107
1479425778746550502,0.008726646192371845
1479425778796749646,0.013962633907794952
1479425778846528289,0.01745329238474369
1479425778899245572,0.02094395086169243
1479425778946953324,0.019198622554540634
1479425778996713694,0.012217304669320583
1479425779046810937,0.005235987715423107
1479425779098795073,-0.006981316953897476
1479425779146853745,-0.01745329238474369
1479425779196826675,-0.03316125646233559
1479425779246667456,-0.04014257341623306
1479425779296863451,-0.04363323003053665
1479425779346916349,-0.04188790172338486
1479425779396821281,-0.04188790172338486
1479425779446883703,-0.04188790172338486
1479425779497133631,-0.04188790172338486
1479425779546604073,-0.04188790172338486
1479425779596722161,-0.04188790172338486
1479425779646956815,-0.04188790172338486
1479425779696986321,-0.04014257341623306
1479425779747125115,-0.04014257341623306
1479425779797149493,-0.04014257341623306
1479425779846695778,-0.03839724510908127
1479425779896921214,-0.036651913076639175
1479425779946911025,-0.036651913076639175
1479425779997199267,-0.03490658476948738
1479425780046650768,-0.03490658476948738
1479425780097343528,-0.02967059798538685
1479425780146662110,-0.022689281031489372
1479425780197087746,-0.010471975430846214
1479425780246710178,-0.001745329238474369
1479425780297497888,0.003490658476948738
1479425780347089223,0.005235987715423107
1479425780397231772,0.006981316953897476
1479425780447075742,0.008726646192371845
1479425780498931302,0.008726646192371845
1479425780549312352,0.010471975430846214
1479425780597494272,0.012217304669320583
1479425780647018477,0.013962633907794952
1479425780697040377,0.019198622554540634
1479425780746963254,0.02967059798538685
1479425780797072832,0.04014257341623306
1479425780846806950,0.04363323003053665
1479425780898103254,0.05061454698443413
1479425780946813503,0.04886921867728233
1479425780997537700,0.03839724510908127
1479425781047108022,0.036651913076639175
1479425781096907442,0.03839724510908127
1479425781146673299,0.03839724510908127
1479425781197059397,0.036651913076639175
1479425781246822526,0.03490658476948738
1479425781297375491,0.013962633907794952
1479425781347271386,-0.005235987715423107
1479425781397330829,-0.02967059798538685
1479425781447292876,-0.03316125646233559
1479425781499328301,-0.02617993950843811
1479425781547354080,-0.02094395086169243
1479425781597178909,-0.019198622554540634
1479425781647112674,-0.019198622554540634
1479425781698374746,-0.01745329238474369
1479425781747227173,-0.01745329238474369
1479425781797353174,-0.01745329238474369
1479425781847465795,-0.01745329238474369
1479425781897477858,-0.01745329238474369
1479425781947301917,-0.015707964077591896
1479425781997177120,-0.015707964077591896
1479425782047684120,-0.015707964077591896
1479425782097686794,-0.015707964077591896
1479425782147235626,-0.013962633907794952
1479425782199793176,-0.008726646192371845
1479425782247883357,0.001745329238474369
1479425782297298389,0.008726646192371845
1479425782347019102,0.008726646192371845
1479425782397090591,0.006981316953897476
1479425782447300122,0.006981316953897476
1479425782497136077,0.006981316953897476
1479425782548114192,0.006981316953897476
1479425782597221934,0.006981316953897476
1479425782647431042,0.006981316953897476
1479425782699253993,0.003490658476948738
1479425782747379984,0.001745329238474369
1479425782797109710,0.0
1479425782846920917,-0.003490658476948738
1479425782897175812,-0.015707964077591896
1479425782947006105,-0.022689281031489372
1479425782997436126,-0.03316125646233559
1479425783047279156,-0.045378562062978745
1479425783097185806,-0.057595863938331604
1479425783147369366,-0.06283185631036758
1479425783197360690,-0.06981316953897476
1479425783247263779,-0.07504915446043015
1479425783297658903,-0.08552113175392151
1479425783347451577,-0.09599310904741287
1479425783397563726,-0.10821041464805603
1479425783447432363,-0.11344639956951141
1479425783497385604,-0.1186823919415474
1479425783547636095,-0.1186823919415474
1479425783597859898,-0.1186823919415474
1479425783647696815,-0.1186823919415474
1479425783697686154,-0.12391837686300278
1479425783747779892,-0.12566371262073517
1479425783799501400,-0.13264502584934235
1479425783849458483,-0.13613568246364594
1479425783899401485,-0.1448623239994049
1479425783947395072,-0.1483529806137085
1479425783997761350,-0.15184365212917328
1479425784047507730,-0.15358898043632507
1479425784099107776,-0.15358898043632507
1479425784147327445,-0.15707963705062866
1479425784197640846,-0.16231562197208405
1479425784247127182,-0.16406095027923584
1479425784297141062,-0.16755160689353943
1479425784349103253,-0.16755160689353943
1479425784397349077,-0.16755160689353943
1479425784447424870,-0.16755160689353943
1479425784497621959,-0.16755160689353943
1479425784547541872,-0.17104226350784302
1479425784597824260,-0.1727875918149948
1479425784649580160,-0.1780235767364502
1479425784699348257,-0.19024088978767395
1479425784749277292,-0.19896753132343292
1479425784797863174,-0.2076941877603531
1479425784847651955,-0.21293017268180847
1479425784897772594,-0.21991148591041565
1479425784947572376,-0.22689279913902283
1479425784997973705,-0.24085544049739838
1479425785049345917,-0.24958208203315735
1479425785098364679,-0.2548180818557739
1479425785147832039,-0.2548180818557739
1479425785197621491,-0.2548180818557739
1479425785247824661,-0.2548180818557739
1479425785297787250,-0.2565633952617645
1479425785347633196,-0.2548180818557739
1479425785397732953,-0.2548180818557739
1479425785447463553,-0.2548180818557739
1479425785497576921,-0.2548180818557739
1479425785547467437,-0.25307273864746094
1479425785597830536,-0.25307273864746094
1479425785647788049,-0.2548180818557739
1479425785697935474,-0.2548180818557739
1479425785748070507,-0.25132742524147034
1479425785798127218,-0.24958208203315735
1479425785848038633,-0.24783675372600555
1479425785897709654,-0.24609142541885376
1479425785947959650,-0.24085544049739838
1479425785997431134,-0.23387411236763
1479425786047597585,-0.22165681421756744
1479425786099541677,-0.19896753132343292
1479425786148010712,-0.18151424825191498
1479425786199430718,-0.16231562197208405
1479425786247709829,-0.1483529806137085
1479425786297976997,-0.1448623239994049
1479425786347658679,-0.1448623239994049
1479425786399374049,-0.14137166738510132
1479425786448406065,-0.12566371262073517
1479425786499264021,-0.10821041464805603
1479425786547997534,-0.0890117883682251
1479425786598177057,-0.08203047513961792
1479425786647706521,-0.08203047513961792
1479425786697873030,-0.08203047513961792
1479425786748291499,-0.08028514683246613
1479425786797972230,-0.07679449021816254
1479425786847883321,-0.06981316953897476
1479425786898379462,-0.06457718461751938
1479425786949638486,-0.06457718461751938
1479425786997769741,-0.06457718461751938
1479425787047796514,-0.06632251292467117
1479425787097786226,-0.06457718461751938
1479425787148108194,-0.054105207324028015
1479425787197763103,-0.04712389037013054
1479425787248230833,-0.036651913076639175
1479425787298539141,-0.03316125646233559
1479425787348802681,-0.024434609338641167
1479425787398153315,-0.015707964077591896
1479425787448237797,-0.008726646192371845
1479425787497965296,-0.003490658476948738
1479425787548043431,-0.001745329238474369
1479425787598146689,-0.003490658476948738
1479425787648264281,-0.022689281031489372
1479425787698066065,-0.022689281031489372
1479425787750454223,0.013962633907794952
1479425787798074703,0.03839724510908127
1479425787848474342,0.0593411959707737
1479425787898552402,0.06457718461751938
1479425787948229257,0.06632251292467117
1479425787998339063,0.06632251292467117
1479425788048291768,0.06632251292467117
1479425788098941860,0.06632251292467117
1479425788148066969,0.06283185631036758
1479425788198540562,0.057595863938331604
1479425788248701766,0.05061454698443413
1479425788298483069,0.045378562062978745
1479425788348462184,0.03316125646233559
1479425788398292896,0.027925267815589905
1479425788448737987,0.02617993950843811
1479425788498205319,0.024434609338641167
1479425788548294461,0.015707964077591896
1479425788598559981,0.006981316953897476
1479425788648671481,0.001745329238474369
1479425788698666484,0.005235987715423107
1479425788748769708,0.012217304669320583
1479425788798557967,0.022689281031489372
1479425788848644641,0.04014257341623306
1479425788898634353,0.04188790172338486
1479425788949061795,0.03316125646233559
1479425788998511268,0.024434609338641167
1479425789048598763,0.024434609338641167
1479425789098701256,0.02967059798538685
1479425789148650803,0.03839724510908127
1479425789198609025,0.04014257341623306
1479425789248535599,0.045378562062978745
1479425789298310980,0.05061454698443413
1479425789348551868,0.05061454698443413
1479425789398350268,0.05061454698443413
1479425789448847625,0.05235987901687622
1479425789498914692,0.054105207324028015
1479425789549265725,0.054105207324028015
1479425789598277087,0.054105207324028015
1479425789648648377,0.054105207324028015
1479425789698573058,0.05585053563117981
1479425789748887723,0.05585053563117981
1479425789798717326,0.05585053563117981
1479425789848645254,0.0593411959707737
1479425789900412869,0.06108652427792549
1479425789948817363,0.06806784123182297
1479425789998594751,0.07504915446043015
1479425790048544494,0.09250245243310928
1479425790098868822,0.10471975803375244
1479425790148712519,0.12566371262073517
1479425790198478714,0.13613568246364594
1479425790248564201,0.15358898043632507
1479425790298533744,0.16580627858638763
1479425790348979436,0.19024088978767395
1479425790398817991,0.21118484437465668
1479425790451942806,0.23911011219024658
1479425790499309904,0.24958208203315735
1479425790549129824,0.2548180818557739
1479425790601614867,0.25132742524147034
1479425790651325600,0.24783675372600555
1479425790701614697,0.24609142541885376
1479425790748979143,0.23387411236763
1479425790800978021,0.23038345575332642
1479425790849022692,0.23387411236763
1479425790898627545,0.2373647838830948
1479425790950989686,0.24260076880455017
1479425790999086098,0.24260076880455017
1479425791049323281,0.24434609711170197
1479425791098987081,0.24783675372600555
1479425791148992717,0.2583087384700775
1479425791199234178,0.2670353651046753
1479425791249106904,0.2705260217189789
1479425791299107120,0.2705260217189789
1479425791348938730,0.2705260217189789
1479425791398919262,0.2705260217189789
1479425791448932915,0.2687807083129883
1479425791498817095,0.2670353651046753
1479425791548920532,0.2670353651046753
1479425791599275417,0.2670353651046753
1479425791649079458,0.2670353651046753
1479425791699327743,0.2687807083129883
1479425791749324991,0.28274333477020264
1479425791799194281,0.29845130443573
1479425791850485681,0.3193952441215515
1479425791898904254,0.3246312439441681
1479425791949022449,0.3246312439441681
1479425791998768359,0.3246312439441681
1479425792048689378,0.3298672139644623
1479425792099287886,0.343829870223999
1479425792149750299,0.37000980973243713
1479425792199698207,0.39269909262657166
1479425792249471122,0.4101523756980896
1479425792299579922,0.42411500215530396
1479425792350036673,0.4328416585922241
1479425792401541725,0.4398229718208313
1479425792450374505,0.4450589716434479
1479425792498896236,0.4468042850494385
1479425792548877877,0.4468042850494385
1479425792599313792,0.4433136284351349
1479425792649354236,0.4380776286125183
1479425792699091153,0.42935100197792053
1479425792748739853,0.42411500215530396
1479425792798715710,0.42236968874931335
1479425792850726968,0.4171336889266968
1479425792898957800,0.4171336889266968
1479425792948921320,0.4171336889266968
1479425793000824291,0.4153883755207062
1479425793049490130,0.406661719083786
1479425793100936472,0.3857177793979645
1479425793149455227,0.3752457797527313
1479425793199430682,0.36128315329551697
1479425793249262548,0.3508111834526062
1479425793299124539,0.3490658402442932
1479425793349152866,0.3543018400669098
1479425793400866146,0.35953783988952637
1479425793449353492,0.36128315329551697
1479425793499171609,0.37175512313842773
1479425793549745859,0.3804817795753479
1479425793600064239,0.38920843601226807
1479425793649004283,0.39968040585517883
1479425793699357202,0.42586034536361694
1479425793751222977,0.4450589716434479
1479425793799356749,0.4642575681209564
1479425793851483761,0.4660029113292694
1479425793902253547,0.4660029113292694
1479425793950085496,0.4642575681209564
1479425794001055021,0.4729842245578766
1479425794051695539,0.48345619440078735
1479425794100036249,0.5113814473152161
1479425794149104191,0.5340707302093506
1479425794199663406,0.5393067598342896
1479425794250778856,0.5323254466056824
1479425794300852508,0.5113814473152161
1479425794349722294,0.4974188506603241
1479425794399605885,0.47822022438049316
1479425794449523173,0.469493567943573
1479425794499505283,0.4625122547149658
1479425794549294192,0.4625122547149658
1479425794599554888,0.4642575681209564
1479425794649000193,0.4660029113292694
1479425794699351608,0.46774822473526
1479425794749351108,0.4660029113292694
1479425794799186090,0.45378559827804565
1479425794849279863,0.4398229718208313
1479425794899842660,0.4153883755207062
1479425794951440983,0.39793506264686584
1479425795000137574,0.3735004663467407
1479425795050093276,0.36302849650382996
1479425795100346675,0.36826446652412415
1479425795150287756,0.3804817795753479
1479425795200934402,0.39968040585517883
1479425795249959966,0.4153883755207062
1479425795299900770,0.4345869719982147
1479425795350189649,0.4380776286125183
1479425795399959427,0.4345869719982147
1479425795451684432,0.43109631538391113
1479425795499806024,0.43109631538391113
1479425795549687769,0.4345869719982147
1479425795599639406,0.4363323152065277
1479425795649814494,0.4380776286125183
1479425795701680461,0.4380776286125183
1479425795749960312,0.4398229718208313
1479425795799876654,0.45727625489234924
1479425795849848199,0.471238911151886
1479425795899876986,0.48520153760910034
1479425795949427951,0.48345619440078735
1479425795999824179,0.4764748811721802
1479425796049368081,0.469493567943573
1479425796099591892,0.4642575681209564
1479425796149575919,0.4660029113292694
1479425796200096128,0.47822022438049316
1479425796250184169,0.48869219422340393
1479425796300111583,0.4921828508377075
1479425796350084608,0.48869219422340393
1479425796400093838,0.471238911151886
1479425796449887228,0.45902159810066223
1479425796499705788,0.45204028487205505
1479425796549993803,0.45204028487205505
1479425796600894748,0.44854962825775146
1479425796649716208,0.4415683150291443
1479425796700124123,0.4328416585922241
1479425796749756515,0.42935100197792053
1479425796800096656,0.42760565876960754
1479425796850025445,0.42586034536361694
1479425796900036685,0.42062434554100037
1479425796949768479,0.41887903213500977
1479425796999639843,0.4171336889266968
1479425797050186344,0.4136430323123932
1479425797100048892,0.4118976891040802
1479425797149995427,0.4118976891040802
1479425797200410562,0.406661719083786
1479425797253079202,0.4031710624694824
1479425797300393282,0.39793506264686584
1479425797350262076,0.39793506264686584
1479425797402854266,0.42236968874931335
1479425797453132009,0.45204028487205505
1479425797500945414,0.47822022438049316
1479425797550089702,0.47822022438049316
1479425797600119037,0.4642575681209564
1479425797649915726,0.45378559827804565
1479425797700415335,0.45204028487205505
1479425797750237246,0.45727625489234924
1479425797800397574,0.4660029113292694
1479425797850267114,0.4660029113292694
1479425797900016064,0.45727625489234924
1479425797951978709,0.4468042850494385
1479425797999973232,0.4380776286125183
1479425798050249179,0.4380776286125183
1479425798099969516,0.4398229718208313
1479425798150039916,0.4415683150291443
1479425798200350938,0.4433136284351349
1479425798250389743,0.4380776286125183
1479425798300560232,0.42586034536361694
1479425798350581410,0.41887903213500977
1479425798400455971,0.42062434554100037
1479425798450430041,0.43109631538391113
1479425798500779323,0.4468042850494385
1479425798553040734,0.4468042850494385
1479425798600378115,0.4380776286125183
1479425798650568887,0.4380776286125183
1479425798700913979,0.4380776286125183
1479425798749992980,0.4363323152065277
1479425798800112667,0.42935100197792053
1479425798850605910,0.42062434554100037
1479425798900661504,0.41887903213500977
1479425798950046233,0.4101523756980896
1479425799002194775,0.4031710624694824
1479425799052067181,0.404916375875473
1479425799100756702,0.4118976891040802
1479425799150454112,0.42935100197792053
1479425799200450379,0.4380776286125183
1479425799250968274,0.4380776286125183
1479425799302438059,0.42935100197792053
1479425799350591583,0.42586034536361694
1479425799400740577,0.41887903213500977
1479425799450509526,0.4153883755207062
1479425799502130252,0.4153883755207062
1479425799552125379,0.4171336889266968
1479425799600355707,0.41887903213500977
1479425799650337835,0.42236968874931335
1479425799702265681,0.4328416585922241
1479425799750563126,0.4468042850494385
1479425799800627581,0.45029494166374207
1479425799850376606,0.45029494166374207
1479425799900633947,0.44854962825775146
1479425799950431468,0.44854962825775146
1479425800001234698,0.45029494166374207
1479425800050511675,0.46774822473526
1479425800102278392,0.48345619440078735
1479425800150256703,0.5113814473152161
1479425800200180925,0.5235987901687622
1479425800250326158,0.5235987901687622
1479425800300207202,0.514872133731842
1479425800350402285,0.5078908205032349
1479425800400678755,0.5061454772949219
1479425800450689670,0.5113814473152161
1479425800500877403,0.516617476940155
1479425800550666973,0.5218534469604492
1479425800600515760,0.5235987901687622
1479425800650749494,0.5218534469604492
1479425800700951107,0.5201081037521362
1479425800750244674,0.5201081037521362
1479425800800688855,0.5201081037521362
1479425800850421250,0.5235987901687622
1479425800900644790,0.5235987901687622
1479425800951693953,0.5235987901687622
1479425801000571122,0.5235987901687622
1479425801050488472,0.5235987901687622
1479425801101037151,0.5253441333770752
1479425801151097115,0.5253441333770752
1479425801201140092,0.5253441333770752
1479425801250717719,0.5270894169807434
1479425801300673367,0.5270894169807434
1479425801350876284,0.5288347601890564
1479425801401141767,0.5288347601890564
1479425801450756873,0.5288347601890564
1479425801500709739,0.5270894169807434
1479425801551082614,0.516617476940155
1479425801600879426,0.5044001340866089
1479425801651203050,0.48694685101509094
1479425801700767668,0.4764748811721802
1479425801750876328,0.469493567943573
1479425801800901670,0.469493567943573
1479425801850982648,0.469493567943573
1479425801900575130,0.471238911151886
1479425801952803351,0.46774822473526
1479425802002596254,0.46076691150665283
1479425802050896363,0.45553094148635864
1479425802100705114,0.45378559827804565
1479425802150769576,0.45553094148635864
1479425802201090794,0.45553094148635864
1479425802250962707,0.45378559827804565
1479425802300974870,0.45378559827804565
1479425802350631363,0.4450589716434479
1479425802400560734,0.4380776286125183
1479425802450519769,0.42411500215530396
1479425802502233218,0.41887903213500977
1479425802550479045,0.4171336889266968
1479425802601001287,0.4101523756980896
1479425802650893795,0.39269909262657166
1479425802700780428,0.37175512313842773
1479425802752644318,0.34208452701568604
1479425802800865324,0.3228859007358551
1479425802850959585,0.31241393089294434
1479425802901888059,0.3246312439441681
1479425802951242890,0.3490658402442932
1479425803003256807,0.36826446652412415
1479425803051321683,0.3752457797527313
1479425803101040199,0.3752457797527313
1479425803150963080,0.36651915311813354
1479425803201381102,0.36651915311813354
1479425803251134614,0.3735004663467407
1479425803300723816,0.3769911229610443
1479425803350898485,0.3822270929813385
1479425803400683381,0.3839724361896515
1479425803450609628,0.39095374941825867
1479425803500546166,0.4031710624694824
1479425803551007511,0.42935100197792053
1479425803600974325,0.4433136284351349
1479425803652526841,0.4468042850494385
1479425803700829053,0.45029494166374207
1479425803750849126,0.45029494166374207
1479425803800634791,0.44854962825775146
1479425803851125216,0.45029494166374207
1479425803900797337,0.45553094148635864
1479425803950897392,0.471238911151886
1479425804000886158,0.47822022438049316
1479425804050721793,0.49043750762939453
1479425804100707948,0.4991641640663147
1479425804150749501,0.5009095072746277
1479425804200627060,0.4974188506603241
1479425804250928150,0.49043750762939453
1479425804301077221,0.48869219422340393
1479425804350889213,0.48869219422340393
1479425804401067177,0.48869219422340393
1479425804451196256,0.48694685101509094
1479425804501508877,0.48345619440078735
1479425804551249112,0.4747295677661896
1479425804601581182,0.46774822473526
1479425804651268136,0.45029494166374207
1479425804701555367,0.4363323152065277
1479425804751450633,0.41887903213500977
1479425804801469299,0.4136430323123932
1479425804851606014,0.4171336889266968
1479425804901596599,0.42935100197792053
1479425804951782622,0.44854962825775146
1479425805001607979,0.45902159810066223
1479425805053708782,0.45378559827804565
1479425805103801722,0.4398229718208313
1479425805153779152,0.42760565876960754
1479425805201457988,0.42062434554100037
1479425805251620869,0.42062434554100037
1479425805301532833,0.42062434554100037
1479425805351625312,0.41887903213500977
1479425805401720386,0.4136430323123932
1479425805451499549,0.4101523756980896
1479425805502320291,0.406661719083786
1479425805551865753,0.406661719083786
1479425805601704407,0.406661719083786
1479425805652263565,0.4084070324897766
1479425805701905105,0.4084070324897766
1479425805751836436,0.4101523756980896
1479425805802332788,0.4118976891040802
1479425805852206161,0.41887903213500977
1479425805901687820,0.4345869719982147
1479425805952108038,0.4433136284351349
1479425806002199404,0.45378559827804565
1479425806052261240,0.45378559827804565
1479425806101621375,0.45204028487205505
1479425806152581698,0.45204028487205505
1479425806201615187,0.45727625489234924
1479425806255084873,0.4660029113292694
1479425806301664441,0.46774822473526
1479425806351733632,0.469493567943573
1479425806401836339,0.469493567943573
1479425806452294078,0.469493567943573
1479425806501908709,0.469493567943573
1479425806551926802,0.469493567943573
1479425806602163198,0.4764748811721802
1479425806652431657,0.48520153760910034
1479425806702246551,0.4939281642436981
1479425806752049239,0.4939281642436981
1479425806804296196,0.47996553778648376
1479425806852167276,0.4729842245578766
1479425806901868365,0.4625122547149658
1479425806952040354,0.45902159810066223
1479425807002160416,0.45727625489234924
1479425807052139824,0.45902159810066223
1479425807102015271,0.4642575681209564
1479425807152036423,0.4660029113292694
1479425807202264516,0.4660029113292694
1479425807252474528,0.4660029113292694
1479425807302310800,0.46774822473526
1479425807352174128,0.471238911151886
1479425807402372505,0.47822022438049316
1479425807452443759,0.47822022438049316
1479425807502355005,0.4729842245578766
1479425807552805464,0.46774822473526
1479425807602460105,0.4660029113292694
1479425807652299071,0.46774822473526
1479425807702660370,0.4764748811721802
1479425807752625360,0.48345619440078735
1479425807802815664,0.49043750762939453
1479425807854483567,0.48869219422340393
1479425807904458885,0.48520153760910034
1479425807954583348,0.48345619440078735
1479425808002456518,0.48171088099479675
1479425808052371360,0.47996553778648376
1479425808102641455,0.4729842245578766
1479425808152471857,0.4660029113292694
1479425808204463289,0.44854962825775146
1479425808252507128,0.4380776286125183
1479425808302862457,0.42411500215530396
1479425808352472527,0.41887903213500977
1479425808402402217,0.4171336889266968
1479425808452519394,0.4171336889266968
1479425808502812048,0.4136430323123932
1479425808552431135,0.4136430323123932
1479425808602888357,0.4171336889266968
1479425808652630526,0.4171336889266968
1479425808702645164,0.4171336889266968
1479425808752462903,0.4171336889266968
1479425808802479984,0.4171336889266968
1479425808854849718,0.4171336889266968
1479425808902899813,0.4171336889266968
1479425808952584460,0.4171336889266968
1479425809003104677,0.42236968874931335
1479425809055156425,0.42935100197792053
1479425809103076737,0.4415683150291443
1479425809155069458,0.4468042850494385
1479425809202742974,0.4450589716434479
1479425809252637340,0.4345869719982147
1479425809303273726,0.42236968874931335
1479425809355186523,0.42062434554100037
1479425809405237933,0.41887903213500977
1479425809453637976,0.41887903213500977
1479425809503423458,0.42062434554100037
1479425809553046135,0.42236968874931335
1479425809603550698,0.42236968874931335
1479425809652935732,0.42236968874931335
1479425809703398065,0.42236968874931335
1479425809753044116,0.42411500215530396
1479425809805319818,0.42586034536361694
1479425809852886550,0.42586034536361694
1479425809902998960,0.42586034536361694
1479425809953174577,0.42586034536361694
1479425810003090686,0.42411500215530396
1479425810053239164,0.42236968874931335
1479425810105459262,0.42236968874931335
1479425810152962722,0.42236968874931335
1479425810203600481,0.42236968874931335
1479425810253068007,0.42411500215530396
1479425810303267879,0.42411500215530396
1479425810353224466,0.42411500215530396
1479425810403484744,0.42586034536361694
1479425810452981936,0.42586034536361694
1479425810503127915,0.42586034536361694
1479425810553120580,0.42411500215530396
1479425810603291346,0.42411500215530396
1479425810653064155,0.42411500215530396
1479425810703147034,0.41887903213500977
1479425810753237728,0.4153883755207062
1479425810803222244,0.4136430323123932
1479425810853316521,0.4136430323123932
1479425810903489292,0.4136430323123932
1479425810952989744,0.4136430323123932
1479425811003075534,0.41887903213500977
1479425811053203611,0.42411500215530396
1479425811103470388,0.4345869719982147
1479425811153241175,0.4380776286125183
1479425811203222961,0.4433136284351349
1479425811253060530,0.4450589716434479
1479425811303401170,0.4468042850494385
1479425811353339135,0.45029494166374207
1479425811403844405,0.45553094148635864
1479425811456972660,0.46076691150665283
1479425811504181315,0.469493567943573
1479425811556867106,0.4747295677661896
1479425811604619963,0.4747295677661896
1479425811654082179,0.4729842245578766
1479425811705610923,0.4625122547149658
1479425811753257374,0.45204028487205505
1479425811805573716,0.4345869719982147
1479425811853216252,0.42411500215530396
1479425811903423539,0.4171336889266968
1479425811953502174,0.4136430323123932
1479425812003672788,0.4136430323123932
1479425812054189782,0.4136430323123932
1479425812103349679,0.4118976891040802
1479425812153452349,0.4101523756980896
1479425812203213889,0.406661719083786
1479425812253452436,0.39968040585517883
1479425812303544763,0.3839724361896515
1479425812353652217,0.36651915311813354
1479425812403367819,0.3455751836299896
1479425812456038384,0.30892327427864075
1479425812502923152,0.28099802136421204
1479425812552896469,0.24260076880455017
1479425812602952486,0.22165681421756744
1479425812653243534,0.2076941877603531
1479425812703559324,0.20943951606750488
1479425812755061644,0.21467550098896027
1479425812802936237,0.21991148591041565
1479425812852917528,0.22689279913902283
1479425812904800746,0.22514747083187103
1479425812952842862,0.22165681421756744
1479425813002692641,0.21293017268180847
1479425813052657991,0.19722220301628113
1479425813103554039,0.18500490486621857
1479425813152600160,0.1780235767364502
1479425813202951516,0.18151424825191498
1479425813252779415,0.19024088978767395
1479425813302801437,0.2024581879377365
1479425813352701560,0.22514747083187103
1479425813402673522,0.23387411236763
1479425813454895815,0.21467550098896027
1479425813502902683,0.19373154640197754
1479425813552547520,0.16406095027923584
1479425813603294972,0.1483529806137085
1479425813653054447,0.12740904092788696
1479425813703221067,0.11519172787666321
1479425813752680729,0.09599310904741287
1479425813802933761,0.0890117883682251
1479425813854842302,0.07504915446043015
1479425813904507569,0.06632251292467117
1479425813953070256,0.05235987901687622
1479425814003470249,0.04886921867728233
1479425814052916769,0.04886921867728233
1479425814102872994,0.04886921867728233
1479425814153540084,0.04886921867728233
1479425814202849961,0.05061454698443413
1479425814252908447,0.0593411959707737
1479425814302759289,0.0593411959707737
1479425814352813416,0.06283185631036758
1479425814402760323,0.06283185631036758
1479425814453038568,0.06108652427792549
1479425814502642778,0.06108652427792549
1479425814552502585,0.07155849784612656
1479425814602635661,0.07853981852531433
1479425814654791726,0.07853981852531433
1479425814702617935,0.07330382615327835
1479425814754606331,0.057595863938331604
1479425814804689952,0.04886921867728233
1479425814852902426,0.04363323003053665
1479425814904739015,0.04363323003053665
1479425814952903651,0.04363323003053665
1479425815002737833,0.04363323003053665
1479425815053035640,0.04188790172338486
1479425815103342547,0.036651913076639175
1479425815154650040,0.03316125646233559
1479425815205264937,0.03141592815518379
1479425815253305412,0.022689281031489372
1479425815303194078,0.01745329238474369
1479425815352968794,0.013962633907794952
1479425815403112435,0.006981316953897476
1479425815453233524,-0.008726646192371845
1479425815503360929,-0.022689281031489372
1479425815555577757,-0.04014257341623306
1479425815603334306,-0.036651913076639175
1479425815653072302,-0.019198622554540634
1479425815702928303,0.001745329238474369
1479425815753169590,0.03490658476948738
1479425815803074392,0.04712389037013054
1479425815854824194,0.04886921867728233
1479425815902701701,0.045378562062978745
1479425815953009654,0.03839724510908127
1479425816002871764,0.036651913076639175
1479425816055028345,0.03141592815518379
1479425816102954422,0.027925267815589905
1479425816153070824,0.015707964077591896
1479425816204737249,0.006981316953897476
1479425816253109574,-0.003490658476948738
1479425816303091758,-0.010471975430846214
1479425816352880870,-0.019198622554540634
1479425816402705219,-0.027925267815589905
1479425816453025416,-0.027925267815589905
1479425816502657634,-0.02617993950843811
1479425816553337194,-0.022689281031489372
1479425816602659435,-0.022689281031489372
1479425816653026786,-0.022689281031489372
1479425816703125942,-0.022689281031489372
1479425816754756359,-0.02094395086169243
1479425816803060880,-0.022689281031489372
1479425816852784441,-0.02617993950843811
1479425816902982670,-0.024434609338641167
1479425816953447544,-0.022689281031489372
1479425817004796707,-0.022689281031489372
1479425817052829604,-0.006981316953897476
1479425817103553868,0.006981316953897476
1479425817155109980,0.02094395086169243
1479425817202835898,0.024434609338641167
1479425817253421711,0.015707964077591896
1479425817303258954,0.006981316953897476
1479425817355066337,0.0
1479425817403114772,-0.003490658476948738
1479425817455589079,-0.005235987715423107
1479425817503575647,-0.005235987715423107
1479425817553280525,-0.006981316953897476
1479425817602920770,-0.012217304669320583
1479425817652825554,-0.02094395086169243
1479425817703287142,-0.02967059798538685
1479425817753070432,-0.04363323003053665
1479425817802975345,-0.05061454698443413
1479425817854613027,-0.05585053563117981
1479425817902914709,-0.05585053563117981
1479425817953310234,-0.05585053563117981
1479425818003219708,-0.054105207324028015
1479425818053203998,-0.05235987901687622
1479425818103454637,-0.04886921867728233
1479425818155013263,-0.04014257341623306
1479425818202928271,-0.036651913076639175
1479425818252978968,-0.036651913076639175
1479425818304615646,-0.036651913076639175
1479425818352943773,-0.04014257341623306
1479425818403099610,-0.04886921867728233
1479425818453247701,-0.05585053563117981
1479425818503093103,-0.07155849784612656
1479425818553020968,-0.08377580344676971
1479425818602939360,-0.09599310904741287
1479425818654817589,-0.10471975803375244
1479425818702890806,-0.10471975803375244
1479425818752928873,-0.10471975803375244
1479425818802867222,-0.10471975803375244
1479425818852874305,-0.10471975803375244
1479425818904766072,-0.10821041464805603
1479425818953242417,-0.11519172787666321
1479425819003006117,-0.13089969754219055
1479425819053210427,-0.1431169956922531
1479425819103152200,-0.15707963705062866
1479425819155479370,-0.17104226350784302
1479425819203316611,-0.1762782484292984
1479425819252810285,-0.1780235767364502
1479425819303096661,-0.17976891994476318
1479425819353201317,-0.17976891994476318
1479425819403097460,-0.18151424825191498
1479425819453218577,-0.19024088978767395
1479425819503214554,-0.20943951606750488
1479425819553133183,-0.22514747083187103
1479425819603436975,-0.24085544049739838
1479425819652934888,-0.24260076880455017
1479425819703303972,-0.23911011219024658
1479425819753064946,-0.23387411236763
1479425819803357866,-0.22863812744617462
1479425819853233538,-0.22863812744617462
1479425819905004370,-0.235619455575943
1479425819953297196,-0.24085544049739838
1479425820003118916,-0.24609142541885376
1479425820053053809,-0.24609142541885376
1479425820103464714,-0.24260076880455017
1479425820153109306,-0.2373647838830948
1479425820203606928,-0.235619455575943
1479425820255071321,-0.235619455575943
1479425820303216988,-0.24085544049739838
1479425820353379038,-0.24783675372600555
1479425820403222547,-0.2600540518760681
1479425820453357843,-0.2670353651046753
1479425820503652904,-0.27227136492729187
1479425820553423060,-0.27227136492729187
1479425820603385383,-0.27227136492729187
1479425820655855335,-0.2705260217189789
1479425820703980258,-0.27227136492729187
1479425820753699132,-0.27576202154159546
1479425820803669941,-0.28099802136421204
1479425820853407538,-0.2844886779785156
1479425820903650619,-0.2844886779785156
1479425820953387005,-0.2844886779785156
1479425821003471263,-0.2844886779785156
1479425821053445267,-0.28274333477020264
1479425821103584862,-0.2844886779785156
1479425821153744523,-0.2844886779785156
1479425821205334667,-0.2862339913845062
1479425821253426927,-0.2862339913845062
1479425821303774934,-0.2862339913845062
1479425821355196207,-0.2862339913845062
1479425821405015593,-0.2844886779785156
1479425821454092734,-0.28274333477020264
1479425821503678298,-0.27750736474990845
1479425821553703637,-0.27401667833328247
1479425821603936989,-0.2670353651046753
1479425821654353446,-0.2635447084903717
1479425821704237179,-0.2617993950843811
1479425821756014589,-0.2617993950843811
1479425821804221759,-0.2617993950843811
1479425821853938025,-0.2617993950843811
1479425821903934776,-0.2617993950843811
1479425821953761183,-0.2617993950843811
1479425822004112671,-0.2617993950843811
1479425822053682004,-0.2617993950843811
1479425822105612963,-0.2617993950843811
1479425822155535981,-0.2617993950843811
1479425822203916744,-0.2635447084903717
1479425822255555088,-0.2652900516986847
1479425822306158583,-0.2687807083129883
1479425822353876103,-0.27227136492729187
1479425822405317053,-0.27750736474990845
1479425822454108574,-0.27925267815589905
1479425822503884285,-0.2844886779785156
1479425822553905624,-0.2914699912071228
1479425822604079986,-0.30717796087265015
1479425822653741410,-0.3193952441215515
1479425822705126420,-0.34033921360969543
1479425822754418978,-0.3525564968585968
1479425822805870515,-0.36302849650382996
1479425822854394517,-0.36302849650382996
1479425822904085435,-0.3543018400669098
1479425822954014085,-0.34033921360969543
1479425823004012583,-0.3246312439441681
1479425823053969000,-0.3141592741012573
1479425823104317612,-0.30717796087265015
1479425823154149164,-0.30194196105003357
1479425823204357763,-0.30368730425834656
1479425823254166651,-0.30194196105003357
1479425823304007239,-0.296705961227417
1479425823353974449,-0.2844886779785156
1479425823404172376,-0.2635447084903717
1479425823454054484,-0.24783675372600555
1479425823504087186,-0.2321287840604782
1479425823555871604,-0.22689279913902283
1479425823605948115,-0.22863812744617462
1479425823654156035,-0.23387411236763
1479425823704310261,-0.24260076880455017
1479425823754224713,-0.24434609711170197
1479425823804403464,-0.24260076880455017
1479425823854140901,-0.24260076880455017
1479425823904660303,-0.24260076880455017
1479425823954480381,-0.24260076880455017
1479425824004492950,-0.24434609711170197
1479425824054485115,-0.24434609711170197
1479425824104514050,-0.23911011219024658
1479425824154240828,-0.2321287840604782
1479425824204497631,-0.21991148591041565
1479425824254329255,-0.21293017268180847
1479425824305860046,-0.2059488445520401
1479425824355981157,-0.2076941877603531
1479425824406039210,-0.22340214252471924
1479425824454152509,-0.24260076880455017
1479425824505838179,-0.2687807083129883
1479425824554325750,-0.27750736474990845
1479425824604582984,-0.27750736474990845
1479425824655961070,-0.27227136492729187
1479425824704228869,-0.2635447084903717
1479425824754402536,-0.2600540518760681
1479425824806483962,-0.2670353651046753
1479425824854409907,-0.28099802136421204
1479425824904486776,-0.2897246479988098
1479425824956648352,-0.296705961227417
1479425825004371895,-0.2932153046131134
1479425825054142286,-0.27750736474990845
1479425825104087017,-0.2635447084903717
1479425825154282440,-0.24085544049739838
1479425825204607369,-0.22863812744617462
1479425825254509331,-0.22689279913902283
1479425825304373717,-0.23038345575332642
1479425825354220059,-0.24260076880455017
1479425825404626764,-0.24958208203315735
1479425825454398327,-0.2565633952617645
1479425825506719107,-0.2635447084903717
1479425825554944434,-0.2705260217189789
1479425825604690296,-0.28274333477020264
1479425825654742841,-0.3001966178417206
1479425825704614684,-0.30892327427864075
1479425825754329563,-0.3176499307155609
1479425825804674625,-0.3263765573501587
1479425825854623890,-0.33859387040138245
1479425825904505970,-0.34208452701568604
1479425825954505372,-0.33161255717277527
1479425826004486750,-0.3159045875072479
1479425826054310433,-0.2932153046131134
1479425826106143460,-0.2914699912071228
1479425826156551059,-0.30194196105003357
1479425826204992465,-0.30717796087265015
1479425826254722185,-0.30368730425834656
1479425826304912432,-0.2932153046131134
1479425826356252437,-0.28274333477020264
1479425826404416627,-0.28099802136421204
1479425826454572603,-0.27925267815589905
1479425826506970947,-0.27401667833328247
1479425826554650490,-0.2548180818557739
1479425826604921158,-0.24260076880455017
1479425826654576269,-0.2321287840604782
1479425826704777585,-0.23038345575332642
1479425826756395184,-0.23387411236763
1479425826804732543,-0.235619455575943
1479425826854541647,-0.235619455575943
1479425826904671456,-0.235619455575943
1479425826955103695,-0.235619455575943
1479425827005190729,-0.235619455575943
1479425827054928376,-0.23911011219024658
1479425827104731482,-0.23911011219024658
1479425827155005434,-0.235619455575943
1479425827205008124,-0.2321287840604782
1479425827256773516,-0.22863812744617462
1479425827304879858,-0.22689279913902283
1479425827349934259,-0.22689279913902283
1479425827399927196,-0.22689279913902283
1479425827450063383,-0.22514747083187103
1479425827499982054,-0.22340214252471924
1479425827551356312,-0.21816615760326385
1479425827601911064,-0.21816615760326385
1479425827652836864,-0.24434609711170197
1479425827702151193,-0.27750736474990845
1479425827752792175,-0.3211405873298645
1479425827801968120,-0.33859387040138245
1479425827852100215,-0.343829870223999
1479425827902068904,-0.34208452701568604
1479425827951996573,-0.33510321378707886
1479425828002145635,-0.3263765573501587
1479425828052833948,-0.31066861748695374
1479425828102232609,-0.30368730425834656
1479425828152162006,-0.2914699912071228
1479425828202828001,-0.2879793345928192
1479425828252892034,-0.2914699912071228
1479425828302210141,-0.2897246479988098
1479425828352863125,-0.28099802136421204
1479425828402345414,-0.27227136492729187
1479425828452255753,-0.2670353651046753
1479425828502903570,-0.2635447084903717
